43687REVC,650VDC,inverted,25A,single
43685REVC,650VDC,inverted,13A,single
46263REVB,650VDC,inverted,50A,single
43686REVC,325VDC,inverted,25A,single
43678,650VDC,upright,13A,single
43678REVA,650VDC,upright,13A,single
43679REVB,325VDC,upright,25A,single
43679REVD,325VDC,upright,25A,single
43680,650VDC,upright,25A,single
43680REVA,650VDC,upright,25A,single
43685,650VDC,inverted,13A,single
43685REVA,650VDC,inverted,13A,single
43685REVB,650VDC,inverted,13A,single
43685REVC,650VDC,inverted,13A,single
43686,325VDC,inverted,25A,single
43686REVA,325VDC,inverted,25A,single
43686REVB,325VDC,inverted,25A,single
43686REVC,325VDC,inverted,25A,single
43686REVD,325VDC,inverted,25A,single
43687,650VDC,inverted,25A,single
43687REVA,650VDC,inverted,25A,single
43687REVB,650VDC,inverted,25A,single
43974REVA,325VDC,upright,50A,single
43975,325VDC,inverted,50A,single
43975REVA,325VDC,inverted,50A,single
43975REVB,325VDC,inverted,50A,single
43976,650VDC,upright,50A,single
43977,650VDC,inverted,50A,single
43977REVA,650VDC,inverted,50A,single
43978REVA,325VDC,upright,100A,single
43979,325VDC,inverted,100A,single
43979REVA,325VDC,inverted,100A,single
43979REVC,325VDC,inverted,100A,single
46263,650VDC,inverted,50A,single
46263REVA,650VDC,inverted,50A,single
47952,325VDC,inverted,50A,single
47953,325VDC,inverted,100A,single
51230,325VDC,upright,100A,single
